{
  "id": "iron-kingkoms-templates",
  "title": "Iron Kingdoms Templates",
  "description": "This module contains compendia with templates for Foundrys Custom System Builder, with which the Iron Kingdoms system can be played.<br />After importing Actors, Items and the Macro, run the macro, to update the templates and fixing id assignments in the templates.",
  "version": "0.1.15",
  "compatibility": {
    "minimum": "11",
    "verified": "11"
  },
  "relationships": {
    "systems": [
      {
        "id": "custom-system-builder",
        "type": "system",
        "compatibility": {}
      }
    ]
  },
  "authors": [
    {
      "name": "GhostShotIV",
      "discord": "ghostshotiv",
      "email": "ghostshotiv@gmail.com",
      "flags": {}
    },
    {
      "name": "sirjames101"
    }
  ],
  "url": "https://github.com/GhostShotIV/IK-Foundry-Templates",
  "manifest": "https://raw.githubusercontent.com/GhostShotIV/IK-Foundry-Templates/main/module.json",
  "download": "https://github.com/GhostShotIV/IK-Foundry-Templates/raw/main/iron-kingkoms-templates.zip",
  "bugs": "https://github.com/GhostShotIV/IK-Foundry-Templates/issues",
  "changelog": "https://github.com/GhostShotIV/IK-Foundry-Templates/blob/main/CHANGELOG.md",
  "packs": [
    {
      "name": "ik-actor-templates",
      "label": "IK-Actor Templates",
      "path": "packs/ik-actor-templates",
      "type": "Actor",
      "ownership": {
        "PLAYER": "OBSERVER",
        "ASSISTANT": "OWNER"
      },
      "system": "custom-system-builder",
      "flags": {}
    },
    {
      "name": "ik-items",
      "label": "IK-Items",
      "path": "packs/ik-items",
      "type": "Item",
      "ownership": {
        "PLAYER": "OBSERVER",
        "ASSISTANT": "OWNER"
      },
      "system": "custom-system-builder",
      "flags": {}
    },
    {
      "name": "ik-careers",
      "label": "IK-Careers",
      "path": "packs/ik-careers",
      "type": "Item",
      "ownership": {
        "PLAYER": "OBSERVER",
        "ASSISTANT": "OWNER"
      },
      "system": "custom-system-builder",
      "flags": {}
    },
    {
      "name": "ik-archetypes",
      "label": "IK-Archetypes",
      "path": "packs/ik-archetypes",
      "type": "Item",
      "ownership": {
        "PLAYER": "OBSERVER",
        "ASSISTANT": "OWNER"
      },
      "system": "custom-system-builder",
      "flags": {}
    },
    {
      "name": "ik-rolltables",
      "label": "IK-Rolltables",
      "path": "packs/ik-rolltables",
      "type": "RollTable",
      "ownership": {
        "PLAYER": "OBSERVER",
        "ASSISTANT": "OWNER"
      },
      "system": "custom-system-builder",
      "flags": {}
    },
    {
      "name": "ik-macros",
      "label": "IK-Macros",
      "path": "packs/ik-macros",
      "type": "Macro",
      "ownership": {
        "PLAYER": "OBSERVER",
        "ASSISTANT": "OWNER"
      },
      "system": "custom-system-builder",
      "flags": {}
    }
  ]
}