{
  "id": "iron-kingkoms-templates",
  "title": "Iron Kingkoms Templates",
  "version": "0.1.3",
  "compatibility": {
    "minimum": "11",
    "verified": "11"
  },
  "relationships": {
    "systems": [
      {
        "id": "custom-system-builder",
        "type": "system",
        "compatibility": {}
      }
    ]
  },
  "authors": [
    {
      "name": "GhostShotIV",
      "discord": "ghostshotiv",
      "email": "ghostshotiv@gmail.com",
      "flags": {}
    }
  ],
  "url": "https://github.com/GhostShotIV/IK-Foundry-Templates",
  "manifest": "https://raw.githubusercontent.com/GhostShotIV/IK-Foundry-Templates/main/module.json",
  "download": "https://github.com/GhostShotIV/IK-Foundry-Templates/raw/main/iron-kingkoms-templates.zip",
  "packs": [
    {
      "name": "ik-actor-templates",
      "label": "IK-Actor Templates",
      "path": "packs/ik-actor-templates",
      "type": "Actor",
      "ownership": {
        "PLAYER": "OBSERVER",
        "ASSISTANT": "OWNER"
      },
      "system": "custom-system-builder",
      "flags": {}
    },
    {
      "name": "ik-items",
      "label": "IK-Items",
      "path": "packs/ik-items",
      "type": "Item",
      "ownership": {
        "PLAYER": "OBSERVER",
        "ASSISTANT": "OWNER"
      },
      "system": "custom-system-builder",
      "flags": {}
    },
    {
      "name": "ik-careers",
      "label": "IK-Careers",
      "path": "packs/ik-careers",
      "type": "Item",
      "ownership": {
        "PLAYER": "OBSERVER",
        "ASSISTANT": "OWNER"
      },
      "system": "custom-system-builder",
      "flags": {}
    },
    {
      "name": "ik-archetypes",
      "label": "IK-Archetypes",
      "path": "packs/ik-archetypes",
      "type": "Item",
      "ownership": {
        "PLAYER": "OBSERVER",
        "ASSISTANT": "OWNER"
      },
      "system": "custom-system-builder",
      "flags": {}
    },
    {
      "name": "ik-rolltables",
      "label": "IK-Rolltables",
      "path": "packs/ik-rolltables",
      "type": "RollTable",
      "ownership": {
        "PLAYER": "OBSERVER",
        "ASSISTANT": "OWNER"
      },
      "system": "custom-system-builder",
      "flags": {}
    }
  ]
}